{
  "train_loss": [
    0.006877871525362917,
    0.0017446404650467927,
    0.0015679584715277467,
    0.001409789720451172,
    0.001283382208121366,
    0.0011376190603844172,
    0.001184119383087875,
    0.0011036063702573936,
    0.0010957090860507248,
    0.001057539378542916,
    0.001305413874666057,
    0.00140264597986143,
    0.001139161202343394,
    0.0010966762655644571,
    0.0010276344746728051,
    0.03901583823698901,
    0.0349225184888901,
    0.04012083435848912,
    0.04451390867907774,
    0.048671799964297595,
    0.05380785800052395,
    0.059643043727378976,
    0.06171313817743386,
    0.06527344077372942,
    0.07032416401738505,
    0.07412506856395634,
    0.07859746724181457,
    0.08142554045675142,
    0.08542209573531076,
    0.08985458507646467,
    0.09234352346010669,
    0.09570236342764718,
    0.09881958179756117,
    0.10179665102115673,
    0.10476163861768267,
    0.1088698370805782,
    0.11268577364351705,
    0.11651752681422085,
    0.11910990774167289,
    0.12328544311875309,
    0.12510146841267558,
    0.12890317590437203,
    0.1316713424416903,
    0.1383471310115492,
    0.14042471367807774,
    0.1439638917227029,
    0.14383794512379205,
    0.1437526108157412,
    0.14371423584603446,
    0.14457346174018776
  ],
  "val_rmse": [
    0.2783050537109375,
    0.27075380086898804,
    0.27389493584632874,
    0.28150632977485657,
    0.2710612714290619,
    0.27202722430229187,
    0.2745450437068939,
    0.2821597158908844,
    0.27275824546813965,
    0.2770836353302002,
    0.2719002962112427,
    0.27660539746284485,
    0.27974632382392883,
    0.275321900844574,
    0.27882835268974304,
    0.275285542011261,
    0.2811790108680725,
    0.2760699391365051,
    0.2796895205974579,
    0.2814691662788391,
    0.2772689461708069,
    0.27602139115333557,
    0.2801936864852905,
    0.2786886394023895,
    0.27879735827445984,
    0.2811099588871002,
    0.2723146677017212,
    0.2788097560405731,
    0.27629634737968445,
    0.2721037268638611,
    0.27905040979385376,
    0.2749486267566681,
    0.28077423572540283,
    0.27845272421836853,
    0.27701112627983093,
    0.27670830488204956,
    0.27561724185943604,
    0.2752975523471832,
    0.27622705698013306,
    0.27610278129577637,
    0.27428585290908813,
    0.2738891541957855,
    0.2753432095050812,
    0.2739869952201843,
    0.27343401312828064,
    0.2751014530658722,
    0.27361467480659485,
    0.2722102403640747,
    0.2732132077217102,
    0.27311521768569946
  ],
  "val_mae": [
    0.14877551794052124,
    0.139894038438797,
    0.13284070789813995,
    0.14130179584026337,
    0.13328883051872253,
    0.133577361702919,
    0.1354360282421112,
    0.14230720698833466,
    0.13205324113368988,
    0.13692158460617065,
    0.14676566421985626,
    0.13700468838214874,
    0.13917061686515808,
    0.13480031490325928,
    0.1369304209947586,
    0.14465585350990295,
    0.1474265456199646,
    0.13998986780643463,
    0.14500625431537628,
    0.14315395057201385,
    0.14483200013637543,
    0.14146001636981964,
    0.14249278604984283,
    0.14407560229301453,
    0.1415499746799469,
    0.14790235459804535,
    0.13605327904224396,
    0.14431023597717285,
    0.13580477237701416,
    0.13187667727470398,
    0.1404494196176529,
    0.13587088882923126,
    0.1444183737039566,
    0.14003577828407288,
    0.14013898372650146,
    0.14037634432315826,
    0.13687388598918915,
    0.1365029662847519,
    0.13811101019382477,
    0.13657018542289734,
    0.13610194623470306,
    0.1361929178237915,
    0.1363891363143921,
    0.13417120277881622,
    0.13505981862545013,
    0.1372169405221939,
    0.13531728088855743,
    0.13464945554733276,
    0.13574904203414917,
    0.135624498128891
  ],
  "soc_loss": [
    0.0033235767574903243,
    0.0017324208721075703,
    0.0015616240272261464,
    0.0014061141378631397,
    0.001280895994092712,
    0.0011364161948103318,
    0.0011832509635468203,
    0.001102920895445268,
    0.0010951846060580632,
    0.0010570881961392618,
    0.0013036920493071525,
    0.0014023550999959398,
    0.0011388705518405675,
    0.0010965183440097563,
    0.001027250946933698,
    0.0038364232449597936,
    0.0029416066341735334,
    0.0029354615216223216,
    0.0031958193224644422,
    0.0031741852274583798,
    0.003267469571201955,
    0.003369951546805072,
    0.0034362953505297465,
    0.0034018659392463166,
    0.003578602963394117,
    0.0036195940854872152,
    0.003630584901353965,
    0.0037178281334524746,
    0.003702408597315734,
    0.003778786193020932,
    0.003841572967114948,
    0.004014316665203052,
    0.003975126413429719,
    0.004097920649077865,
    0.004184441829059996,
    0.0044001698333659784,
    0.004355272304482839,
    0.004551482305650213,
    0.0045964298773458305,
    0.004742831803569599,
    0.004744078015627171,
    0.004908864943795138,
    0.005031679302883389,
    0.005145401611918369,
    0.005208054265316367,
    0.0053619294462876384,
    0.005288619693148173,
    0.005315993303966903,
    0.00525120408216207,
    0.005270443980022105
  ],
  "fault_loss": [
    0.017771473443644936,
    6.109795497216842e-05,
    3.16722349152571e-05,
    1.8377911637898282e-05,
    1.2431067041496283e-05,
    6.014304768535103e-06,
    4.3421049997363515e-06,
    3.4273658100983226e-06,
    2.6223941222924993e-06,
    2.25592145643537e-06,
    8.609126682895074e-06,
    1.4543932639764954e-06,
    1.4532541999945566e-06,
    7.896044008322568e-07,
    1.9176368168589712e-06,
    0.17589707218749054,
    0.15990455642435408,
    0.18592686079604975,
    0.20659044284554945,
    0.2274880695890786,
    0.2527019380246553,
    0.28136545635550936,
    0.2913842086630911,
    0.3093578690471493,
    0.33372779862485197,
    0.35252736664356843,
    0.3748344052524953,
    0.3885385542179565,
    0.40859842725167766,
    0.4303789875496214,
    0.44250974416547106,
    0.45844022672031526,
    0.47422226903687387,
    0.4884936443277609,
    0.5028859757560065,
    0.5223483282179104,
    0.5416524977977402,
    0.5598302115903837,
    0.5725673796881768,
    0.5927130463431557,
    0.6017869409649543,
    0.6199715438754387,
    0.6331983054538383,
    0.6660086331987678,
    0.6760832835859227,
    0.6930097970542878,
    0.6927466135808612,
    0.6921830745036728,
    0.6923151455842818,
    0.6965150741680389
  ],
  "fault_rate": [
    0.0,
    0.0,
    0.0,
    0.0,
    0.0,
    0.0,
    0.0,
    0.0,
    0.0,
    0.0,
    0.0,
    0.0,
    0.0,
    0.0,
    0.0,
    0.1,
    0.11666666666666667,
    0.13333333333333333,
    0.15000000000000002,
    0.16666666666666669,
    0.18333333333333335,
    0.2,
    0.21666666666666667,
    0.23333333333333334,
    0.25,
    0.26666666666666666,
    0.2833333333333333,
    0.30000000000000004,
    0.31666666666666665,
    0.33333333333333337,
    0.35,
    0.3666666666666667,
    0.3833333333333333,
    0.4,
    0.41666666666666663,
    0.43333333333333335,
    0.44999999999999996,
    0.4666666666666667,
    0.4833333333333334,
    0.5,
    0.5166666666666667,
    0.5333333333333333,
    0.55,
    0.5666666666666667,
    0.5833333333333334,
    0.6,
    0.6,
    0.6,
    0.6,
    0.6
  ]
}