{
  "train_loss": [
    0.006877871525362917,
    0.0017537145926258047,
    0.0015124036894960335,
    0.001254545925778041,
    0.001149887853235694
  ],
  "val_rmse": [
    0.2783050537109375,
    0.26744478940963745,
    0.27836060523986816,
    0.28179293870925903,
    0.2743002772331238
  ],
  "val_mae": [
    0.14877551794052124,
    0.13959047198295593,
    0.13934607803821564,
    0.1432933509349823,
    0.1350303739309311
  ],
  "soc_loss": [
    0.0033235767574903243,
    0.001740453380167831,
    0.0015060730197617779,
    0.0012508351576563138,
    0.0011474198270157543
  ],
  "fault_loss": [
    0.017771473443644936,
    6.630605057835395e-05,
    3.1653357498476775e-05,
    1.855384648139232e-05,
    1.2340128780274526e-05
  ],
  "fault_rate": [
    0.0,
    0.0,
    0.0,
    0.0,
    0.0
  ]
}