{
  "train_loss": [
    0.0030189865726191235,
    0.0010212796491478517,
    0.0009075368949506467,
    0.0007958705814880371,
    0.000677400630874612
  ],
  "val_rmse": [
    0.07704927772283554,
    0.08209604024887085,
    0.07228327542543411,
    0.0907757580280304,
    0.08159705251455307
  ],
  "val_mae": [
    0.049732331186532974,
    0.05781771242618561,
    0.052270278334617615,
    0.06462128460407257,
    0.054424189031124115
  ],
  "soc_loss": [
    0.001858630306900145,
    0.0010165588366842988,
    0.000905660877030624,
    0.0007942201044160064,
    0.0006763646497725034
  ],
  "fault_loss": [
    0.023207124623410704,
    9.441623166118383e-05,
    3.752036271969632e-05,
    3.300955107782634e-05,
    2.0719642797526178e-05
  ],
  "fault_rate": [
    0.0,
    0.0,
    0.0,
    0.0,
    0.0
  ]
}