{
  "train_loss": [
    0.0030189865726191235,
    0.0010288036316369643,
    0.0009429055388538027,
    0.0009084051853827781,
    0.0008469810027339197,
    0.0007601003455797667,
    0.0007218900256359703,
    0.0006700004885886919,
    0.0006332342873408705,
    0.0006313353273380583,
    0.0005909100829190926,
    0.000596969872372629,
    0.0005766129954487419,
    0.0005757685881415558,
    0.0005691744076068302,
    0.01067706977768432,
    0.010271949063599952,
    0.011139268533080676,
    0.012421356264572098,
    0.013557241044341112,
    0.01481611163197261,
    0.015602764579520192,
    0.017013969181000062,
    0.017898375895050056,
    0.019157135541954973,
    0.019862842836575408,
    0.020908955590061423,
    0.021942628290996236,
    0.02248419418333555,
    0.023779590521007775,
    0.023906909674406052,
    0.02463236155937303,
    0.02589437926434121,
    0.02668887395587451,
    0.02728751328826513,
    0.02817262482987541,
    0.029018281073362198,
    0.030113261974996555,
    0.03083500352881427,
    0.03200493398350927,
    0.032836055238994785,
    0.03419893842612235,
    0.03474430045077823,
    0.03574282738889726,
    0.03675414778573333,
    0.037666034698486325,
    0.037477359151081094,
    0.03761792435258065,
    0.03768237438404335,
    0.03751134177986181
  ],
  "val_rmse": [
    0.07704927772283554,
    0.08469882607460022,
    0.060027968138456345,
    0.09738782048225403,
    0.08319397270679474,
    0.08141937106847763,
    0.08884164690971375,
    0.0975605845451355,
    0.0828203484416008,
    0.08831768482923508,
    0.08261755108833313,
    0.08416233211755753,
    0.08153732866048813,
    0.08712424337863922,
    0.09916467219591141,
    0.0677589625120163,
    0.06168230623006821,
    0.06833335757255554,
    0.05177196115255356,
    0.06509016454219818,
    0.061932675540447235,
    0.06396792829036713,
    0.06907159835100174,
    0.06111486628651619,
    0.0645589753985405,
    0.055868517607450485,
    0.0530545637011528,
    0.06766410171985626,
    0.05772320553660393,
    0.05941842868924141,
    0.06458732485771179,
    0.055438149720430374,
    0.057526350021362305,
    0.05383411422371864,
    0.05724886432290077,
    0.06313531845808029,
    0.05826565623283386,
    0.05412725359201431,
    0.05865490809082985,
    0.057275060564279556,
    0.05789383128285408,
    0.0595124177634716,
    0.05564649775624275,
    0.058460794389247894,
    0.05972377955913544,
    0.05905182659626007,
    0.0577421560883522,
    0.056977156549692154,
    0.05823627859354019,
    0.057692330330610275
  ],
  "val_mae": [
    0.049732331186532974,
    0.059639822691679,
    0.04350817948579788,
    0.06940232962369919,
    0.05825970321893692,
    0.05388147011399269,
    0.061103831976652145,
    0.06586956232786179,
    0.05786726996302605,
    0.060945410281419754,
    0.05564406141638756,
    0.05362498760223389,
    0.06067444011569023,
    0.06274743378162384,
    0.07410262525081635,
    0.04009903967380524,
    0.04173944890499115,
    0.045646052807569504,
    0.03408946841955185,
    0.04117288812994957,
    0.04396866261959076,
    0.0420197956264019,
    0.04279486462473869,
    0.03933704271912575,
    0.044393498450517654,
    0.03549715504050255,
    0.03422907367348671,
    0.04500185698270798,
    0.03857920691370964,
    0.040918271988630295,
    0.044649165123701096,
    0.03601992130279541,
    0.03763778880238533,
    0.038249142467975616,
    0.03803986683487892,
    0.03851023688912392,
    0.03945985808968544,
    0.03594103828072548,
    0.03849579021334648,
    0.03929385542869568,
    0.03897930681705475,
    0.038708023726940155,
    0.037564489990472794,
    0.03914494067430496,
    0.03970557823777199,
    0.04014645889401436,
    0.03874608129262924,
    0.03892214223742485,
    0.03929472714662552,
    0.03895602002739906
  ],
  "soc_loss": [
    0.001858630306900145,
    0.001024144110467531,
    0.0009411333257855215,
    0.0009073471528574614,
    0.0008458614922655782,
    0.0007594723723947404,
    0.0007213276114648665,
    0.0006696889197831657,
    0.0006329910583928104,
    0.000631194322903746,
    0.0005907696385962344,
    0.0005968458832731417,
    0.0005765421371489658,
    0.000575688050539268,
    0.0005691036168773623,
    0.002021195023553446,
    0.0019517386930704749,
    0.0019154161248325352,
    0.0020430430611771233,
    0.00212140459718868,
    0.0022621554726699614,
    0.0023314744895236252,
    0.002532097375468474,
    0.002504955028526415,
    0.002699459731174668,
    0.00276541633713762,
    0.002879712761177699,
    0.0031064775340777454,
    0.003151207697195581,
    0.0033965964616003955,
    0.0033675853507856854,
    0.003528652219145717,
    0.003644726522165825,
    0.0037693951604009235,
    0.003911486437614515,
    0.003996554511502596,
    0.004122412686877585,
    0.00424243293368732,
    0.00431789759643165,
    0.004525592601155194,
    0.0045501110422917,
    0.004772453107387882,
    0.004860957575311779,
    0.00493035888802348,
    0.005125826682658198,
    0.005136213292156891,
    0.005274947007397576,
    0.005289803081156932,
    0.005182770432526562,
    0.005196791084896211
  ],
  "fault_loss": [
    0.023207124623410704,
    9.319039202654374e-05,
    3.5444249902557545e-05,
    2.116066598404668e-05,
    2.2390184969206632e-05,
    1.2559442788582567e-05,
    1.124828196452654e-05,
    6.23135334580664e-06,
    4.864585130589286e-06,
    2.8200926488755974e-06,
    2.808874662905681e-06,
    2.479780676153796e-06,
    1.4171510189711162e-06,
    1.6107369945177222e-06,
    1.4158022432820764e-06,
    0.1731174917663184,
    0.16640420500189065,
    0.18447704498638523,
    0.20756626088383062,
    0.2287167247876806,
    0.2510791190390317,
    0.265425796680293,
    0.2896374301668608,
    0.3078684114060312,
    0.3291535104361345,
    0.3419485241737006,
    0.3605848509748027,
    0.37672300864503067,
    0.38665972368897134,
    0.40765987449097185,
    0.41078648024572517,
    0.422074179013945,
    0.4449930482596721,
    0.4583895689755116,
    0.46752052925667675,
    0.4835213990987472,
    0.49791735866159764,
    0.5174165700966458,
    0.5303421093607849,
    0.5495868199838783,
    0.5657188749538278,
    0.5885296970043542,
    0.597666848549303,
    0.616249359272561,
    0.6325664115964241,
    0.6505964148157047,
    0.644048233133442,
    0.6465624151927121,
    0.6499920662843957,
    0.6462910017877255
  ],
  "fault_rate": [
    0.0,
    0.0,
    0.0,
    0.0,
    0.0,
    0.0,
    0.0,
    0.0,
    0.0,
    0.0,
    0.0,
    0.0,
    0.0,
    0.0,
    0.0,
    0.1,
    0.11666666666666667,
    0.13333333333333333,
    0.15000000000000002,
    0.16666666666666669,
    0.18333333333333335,
    0.2,
    0.21666666666666667,
    0.23333333333333334,
    0.25,
    0.26666666666666666,
    0.2833333333333333,
    0.30000000000000004,
    0.31666666666666665,
    0.33333333333333337,
    0.35,
    0.3666666666666667,
    0.3833333333333333,
    0.4,
    0.41666666666666663,
    0.43333333333333335,
    0.44999999999999996,
    0.4666666666666667,
    0.4833333333333334,
    0.5,
    0.5166666666666667,
    0.5333333333333333,
    0.55,
    0.5666666666666667,
    0.5833333333333334,
    0.6,
    0.6,
    0.6,
    0.6,
    0.6
  ]
}