{
  "train_loss": [
    0.017707111469942673,
    0.01602333695857995,
    0.015711521270274215,
    0.015613764567689746,
    0.015516979898035707,
    0.015624901554223025,
    0.01548282199235695,
    0.015452259449489362,
    0.015450610809298805,
    0.01537306890583303,
    0.015301398094649513,
    0.015458757597220053,
    0.015257982456329252,
    0.015200122517996913,
    0.015245677018021238,
    0.02757919869666654,
    0.024390916235737435,
    0.024586056038647077,
    0.02565567906829411,
    0.026321593157037356,
    0.027176718782975624,
    0.02781288763912306,
    0.02820149709693298,
    0.028691906542127235,
    0.029331813886851885,
    0.029626444382470866,
    0.0301916716971804,
    0.03069349037019083,
    0.031036352251931708,
    0.03164072731917669,
    0.03195675100480873,
    0.03218708900635166,
    0.03273476107848581,
    0.032805859848977215,
    0.03357625884256738,
    0.03396658355785547,
    0.034441210365244286,
    0.03478277543809652,
    0.035415183299800944,
    0.035903431563501884,
    0.036395983338190614,
    0.03712276058641801,
    0.03750834840713548,
    0.03825149088759656,
    0.038655438346696186,
    0.03906580672893527,
    0.039089917115994945,
    0.03930020940374474,
    0.03924116135530708,
    0.03904346136637521
  ],
  "val_rmse": [
    0.3005758821964264,
    0.32215821743011475,
    0.31306588649749756,
    0.3246113061904907,
    0.31441357731819153,
    0.3102904260158539,
    0.3230741322040558,
    0.31008341908454895,
    0.3083621859550476,
    0.3188989460468292,
    0.3161008656024933,
    0.32293543219566345,
    0.3116510808467865,
    0.31143897771835327,
    0.31703299283981323,
    0.3135746419429779,
    0.32590705156326294,
    0.3185741603374481,
    0.3161165416240692,
    0.3131130635738373,
    0.32047924399375916,
    0.31185439229011536,
    0.31319180130958557,
    0.31340113282203674,
    0.31323686242103577,
    0.320600301027298,
    0.3135751485824585,
    0.32023027539253235,
    0.31589534878730774,
    0.3152734339237213,
    0.3160399794578552,
    0.3164232075214386,
    0.3141832947731018,
    0.3150535821914673,
    0.3217066824436188,
    0.3200667202472687,
    0.3153829872608185,
    0.3179968297481537,
    0.31913551688194275,
    0.3178466558456421,
    0.31801918148994446,
    0.3177748918533325,
    0.3206573724746704,
    0.3187885582447052,
    0.3203381896018982,
    0.3197634816169739,
    0.3197207748889923,
    0.3197016716003418,
    0.3197576701641083,
    0.3197071850299835
  ],
  "val_mae": [
    0.24125118553638458,
    0.2505607306957245,
    0.24439463019371033,
    0.2514092028141022,
    0.24955099821090698,
    0.2405473291873932,
    0.2579317092895508,
    0.24095773696899414,
    0.2414027601480484,
    0.2459217607975006,
    0.24521249532699585,
    0.24896183609962463,
    0.24125038087368011,
    0.24279963970184326,
    0.24581213295459747,
    0.24600167572498322,
    0.25039276480674744,
    0.24573850631713867,
    0.2424936592578888,
    0.24454115331172943,
    0.2503593862056732,
    0.24200253188610077,
    0.24413007497787476,
    0.24307213723659515,
    0.24446433782577515,
    0.2474530041217804,
    0.24508756399154663,
    0.24661114811897278,
    0.2447286695241928,
    0.24565838277339935,
    0.24419532716274261,
    0.24462278187274933,
    0.2432393729686737,
    0.24433329701423645,
    0.24998943507671356,
    0.24827176332473755,
    0.24322208762168884,
    0.24644413590431213,
    0.24701909720897675,
    0.24614132940769196,
    0.24528737366199493,
    0.24588951468467712,
    0.24766337871551514,
    0.24606235325336456,
    0.24766217172145844,
    0.2468859702348709,
    0.24684350192546844,
    0.24707090854644775,
    0.24710047245025635,
    0.2470022290945053
  ],
  "soc_loss": [
    0.017141634813584123,
    0.01601841371491416,
    0.015709290065728392,
    0.01561304110202912,
    0.015516557851966045,
    0.01562445291894085,
    0.015482567393575258,
    0.015452047905816078,
    0.015450453889433119,
    0.015372971675192372,
    0.01530129772561154,
    0.015458737718041021,
    0.015257956976057844,
    0.015200112502755058,
    0.015245656414271364,
    0.01595564301696152,
    0.0159271738241031,
    0.015732410057954394,
    0.01576924161923491,
    0.015754090376784716,
    0.015776770321913554,
    0.015799450181522356,
    0.01574913713344261,
    0.015790397384016955,
    0.015775866127045738,
    0.015813428845621202,
    0.01587688900515302,
    0.015861330871535118,
    0.015889336944272973,
    0.015872679316221647,
    0.015953823196674453,
    0.015994904797776075,
    0.01604791283024819,
    0.01597060808229639,
    0.01605075499931901,
    0.016051748955451275,
    0.016127128562843943,
    0.016156913826334187,
    0.016148996464231482,
    0.016179355767327167,
    0.016283985143705947,
    0.016314790960999,
    0.016314117150525935,
    0.01639512409272817,
    0.016502813104348396,
    0.01644732538464091,
    0.016477934504914596,
    0.016488440693793096,
    0.016455006020709376,
    0.016487865770793888
  ],
  "fault_loss": [
    0.011309532674439038,
    9.846500247600693e-05,
    4.4623793131047495e-05,
    1.4469300256689588e-05,
    8.440817370688696e-06,
    8.972467445966412e-06,
    5.091523365018392e-06,
    4.23149094698249e-06,
    3.1386608039357502e-06,
    1.9448086757554054e-06,
    2.007723496062277e-06,
    3.9911437455289617e-07,
    5.107506961212937e-07,
    2.0199551377164054e-07,
    4.134115892117366e-07,
    0.23247110809638388,
    0.16927484543965876,
    0.17707291637161066,
    0.1977287448444435,
    0.21135005181209832,
    0.22799896520461913,
    0.2402687447124906,
    0.2490471956046631,
    0.2580301792527183,
    0.27111894918528623,
    0.2762603056659371,
    0.28629564884843306,
    0.29664318419910224,
    0.30294030024383434,
    0.3153609552399061,
    0.3200585503886735,
    0.3238436786907111,
    0.33373695905165285,
    0.3367050291160281,
    0.35051007191420325,
    0.3582966857402765,
    0.36628162973644035,
    0.3725172251041915,
    0.38532373067047954,
    0.3944815085405779,
    0.4022399577736013,
    0.41615938591487955,
    0.42388461736208494,
    0.4371273294316772,
    0.4430524974339665,
    0.4523696183677158,
    0.4522396455078144,
    0.4562353659891096,
    0.4557230987263736,
    0.4511119058707167
  ],
  "fault_rate": [
    0.0,
    0.0,
    0.0,
    0.0,
    0.0,
    0.0,
    0.0,
    0.0,
    0.0,
    0.0,
    0.0,
    0.0,
    0.0,
    0.0,
    0.0,
    0.1,
    0.11666666666666667,
    0.13333333333333333,
    0.15000000000000002,
    0.16666666666666669,
    0.18333333333333335,
    0.2,
    0.21666666666666667,
    0.23333333333333334,
    0.25,
    0.26666666666666666,
    0.2833333333333333,
    0.30000000000000004,
    0.31666666666666665,
    0.33333333333333337,
    0.35,
    0.3666666666666667,
    0.3833333333333333,
    0.4,
    0.41666666666666663,
    0.43333333333333335,
    0.44999999999999996,
    0.4666666666666667,
    0.4833333333333334,
    0.5,
    0.5166666666666667,
    0.5333333333333333,
    0.55,
    0.5666666666666667,
    0.5833333333333334,
    0.6,
    0.6,
    0.6,
    0.6,
    0.6
  ]
}