{
  "train_loss": [
    -0.004192205847698143,
    -0.011882836973468676,
    -0.011951377857416451,
    -0.012021309451053017,
    -0.012081797056652358,
    -0.012099487903086762,
    -0.012114421185406144,
    -0.012121618791382308,
    -0.012150126925512556,
    -0.012151323063809236,
    0.0397426306683206,
    0.03810353775905839,
    0.04397172409196801,
    0.049581339216674056,
    0.05656185748693798,
    0.06111542061451426,
    0.06706817960416624,
    0.07049299238467735,
    0.0772354152207648,
    0.08029203726104776,
    0.0853123526087893,
    0.08997112896121343,
    0.09455572604776934,
    0.09936766337231202,
    0.1045145927763331,
    0.10922227524997212,
    0.11490670718436723,
    0.12132703029939747,
    0.1259183474245184,
    0.1283955979015914,
    0.13505904954306933,
    0.1397100819152741,
    0.14564954549490317,
    0.1494487788124064,
    0.15502190970036447,
    0.16042235554481038,
    0.16648969435954325,
    0.16945733317243042,
    0.17581545911273178,
    0.18164907172562356,
    0.1845261370232999,
    0.185916032382036,
    0.185682105078541,
    0.18374500582124698,
    0.18455615472428652,
    0.1845016643388955,
    0.18518038022018785,
    0.18488794577204964,
    0.18479832549900552,
    0.18313040893232785
  ],
  "val_rmse": [
    0.49813127517700195,
    0.5221204161643982,
    0.49461907148361206,
    0.5154951214790344,
    0.518130898475647,
    0.49209660291671753,
    0.5043243765830994,
    0.5223816633224487,
    0.5236838459968567,
    0.5215073823928833,
    0.5491012930870056,
    0.5300836563110352,
    0.5211839079856873,
    0.5192203521728516,
    0.5330862402915955,
    0.5348988771438599,
    0.5443917512893677,
    0.5225894451141357,
    0.532728374004364,
    0.5259361267089844,
    0.5451738834381104,
    0.49307936429977417,
    0.5128999352455139,
    0.5213099122047424,
    0.5060905814170837,
    0.48633795976638794,
    0.5022662281990051,
    0.5112362504005432,
    0.48684781789779663,
    0.478251188993454,
    0.4871087670326233,
    0.5224215388298035,
    0.4920752942562103,
    0.4928191304206848,
    0.5114954710006714,
    0.509226381778717,
    0.4876002073287964,
    0.495699405670166,
    0.48642295598983765,
    0.49534866213798523,
    0.5038875937461853,
    0.505000114440918,
    0.5019962787628174,
    0.506098747253418,
    0.5054552555084229,
    0.4901493489742279,
    0.5008558630943298,
    0.5010267496109009,
    0.5017380118370056,
    0.5001679062843323
  ],
  "val_mae": [
    0.3339558243751526,
    0.35842597484588623,
    0.3345021903514862,
    0.3459443747997284,
    0.35309070348739624,
    0.33207327127456665,
    0.3391680121421814,
    0.36223304271698,
    0.35748928785324097,
    0.3536263406276703,
    0.391239196062088,
    0.36372995376586914,
    0.3562222123146057,
    0.3553811311721802,
    0.36682748794555664,
    0.37459269165992737,
    0.38211578130722046,
    0.3688352108001709,
    0.372316837310791,
    0.3726674020290375,
    0.39371028542518616,
    0.34669506549835205,
    0.3547392189502716,
    0.3594648241996765,
    0.34731653332710266,
    0.33870965242385864,
    0.34648776054382324,
    0.3501766324043274,
    0.33616581559181213,
    0.3283386528491974,
    0.3362242579460144,
    0.3577931523323059,
    0.3325304687023163,
    0.33755892515182495,
    0.3493027687072754,
    0.34468013048171997,
    0.332930326461792,
    0.33827242255210876,
    0.3333183825016022,
    0.3367626368999481,
    0.3464040756225586,
    0.3473512828350067,
    0.34391921758651733,
    0.34649717807769775,
    0.3444794714450836,
    0.3345542252063751,
    0.34062719345092773,
    0.34087100625038147,
    0.3413693308830261,
    0.34035539627075195
  ],
  "soc_loss": [
    0.0017653225654627124,
    0.000881612612637036,
    0.0008423765650480209,
    0.0007748766227052112,
    0.0007206876478675617,
    0.0007039037495653949,
    0.0006924307692939041,
    0.0006864878274949276,
    0.0006562499871510496,
    0.0006551796004099113,
    0.0014210319917781077,
    0.001157728114077085,
    0.0011045432513380657,
    0.0010708620070022652,
    0.0010693654318957337,
    0.001045708550929535,
    0.0010706390969197153,
    0.0010706342803139268,
    0.001082523746058849,
    0.001067077305813637,
    0.0010899038437431805,
    0.0010717739895032168,
    0.0010743030067083099,
    0.001095094721290162,
    0.0010952935639116613,
    0.0011044580681463573,
    0.0010943542358767598,
    0.001107514679777535,
    0.0011220359262584176,
    0.0011100646264192865,
    0.0011336911741917238,
    0.0011325273228280054,
    0.001145487263219513,
    0.0011529773638796793,
    0.0011559329925342058,
    0.00116561447207943,
    0.0011584442213905934,
    0.0011726920298504755,
    0.001181733785194638,
    0.0011992529054934101,
    0.0012002526586135064,
    0.001215239172932921,
    0.0011993473507994116,
    0.0011897252665139398,
    0.0011964177415945301,
    0.0012032688313631979,
    0.0011914295372458137,
    0.0011986069199048928,
    0.0011918369416051436,
    0.0011908814479710953
  ],
  "fault_loss": [
    0.022588212584203137,
    6.672032971023918e-05,
    1.912219741707333e-05,
    1.0263881368074628e-05,
    6.422655870380761e-06,
    3.879326589050871e-06,
    2.229235250171503e-06,
    1.537804183723568e-06,
    1.082973629358864e-06,
    8.404789566950894e-07,
    0.16370491113842073,
    0.16137197214777949,
    0.18205570792089087,
    0.2015515681712315,
    0.22468129485429422,
    0.24003709028409964,
    0.25956119001551936,
    0.2706526220645095,
    0.2928667466859428,
    0.3031646206526828,
    0.31955671511294376,
    0.3350740581366737,
    0.350200874760955,
    0.3659272695842542,
    0.3829359207802505,
    0.39841358518882164,
    0.41722609434040736,
    0.4383781847777095,
    0.4533982022428359,
    0.46159686012119533,
    0.4834171483647298,
    0.49879628102966334,
    0.5183294519509972,
    0.5308192333588667,
    0.5492121545892013,
    0.5669359980925326,
    0.5869939626543658,
    0.5966730202627233,
    0.6176284897340227,
    0.6367830437248939,
    0.6462430659797599,
    0.6507940675211004,
    0.6501004704535328,
    0.6437205318221473,
    0.6463485138948954,
    0.64613576071731,
    0.6484522864334565,
    0.6474450753979729,
    0.6471984501363895,
    0.6416780939675811
  ],
  "fault_rate": [
    0.0,
    0.0,
    0.0,
    0.0,
    0.0,
    0.0,
    0.0,
    0.0,
    0.0,
    0.0,
    0.1,
    0.11666666666666667,
    0.13333333333333333,
    0.15000000000000002,
    0.16666666666666669,
    0.18333333333333335,
    0.2,
    0.21666666666666667,
    0.23333333333333334,
    0.25,
    0.26666666666666666,
    0.2833333333333333,
    0.30000000000000004,
    0.31666666666666665,
    0.33333333333333337,
    0.35,
    0.3666666666666667,
    0.3833333333333333,
    0.4,
    0.41666666666666663,
    0.43333333333333335,
    0.44999999999999996,
    0.4666666666666667,
    0.4833333333333334,
    0.5,
    0.5166666666666667,
    0.5333333333333333,
    0.55,
    0.5666666666666667,
    0.5833333333333334,
    0.6,
    0.6,
    0.6,
    0.6,
    0.6,
    0.6,
    0.6,
    0.6,
    0.6,
    0.6
  ]
}