{
  "train_loss": [
    -0.002620620942633563,
    -0.007320304201149595,
    -0.00781983703176794,
    -0.007838702956204544,
    -0.008079396997939567,
    -0.00820777308902074,
    -0.008307870496944729,
    -0.008190342914873272,
    -0.0082048316752272,
    -0.008279283504500969,
    -0.008422414676179242,
    -0.008616822158015472,
    -0.008415781324639292,
    -0.008234486183917868,
    -0.008757664246342589,
    0.029247148659192305,
    0.026242041337142762,
    0.029913890291561565,
    0.03360420123951072,
    0.03843958970213311,
    0.04180666545023851,
    0.04564343904626229,
    0.048647925051611425,
    0.05228335011118241,
    0.054491438458760685,
    0.05682707775412198,
    0.05974259338352657,
    0.06307415505941201,
    0.06689688921871043,
    0.06975198824810931,
    0.07433604153731456,
    0.07720071547709717,
    0.07943290976205267,
    0.08411546573683092,
    0.0870030247251214,
    0.09154357303786227,
    0.09349840666966715,
    0.09786744689854976,
    0.10010823677068878,
    0.1043261408637789,
    0.10807956701542713,
    0.1112094719991264,
    0.11594378646507171,
    0.11901319007740369,
    0.12164634915927043,
    0.12557991035482682,
    0.1245629336008708,
    0.12478115568067538,
    0.1250516309229823,
    0.12518543814069857
  ],
  "val_rmse": [
    0.5300813913345337,
    0.5080868005752563,
    0.5077782273292542,
    0.5063701868057251,
    0.5206574201583862,
    0.5058211088180542,
    0.49886035919189453,
    0.5092363357543945,
    0.5046714544296265,
    0.518886387348175,
    0.5213618874549866,
    0.5187897086143494,
    0.5075214505195618,
    0.5173130631446838,
    0.5254082083702087,
    0.5336933135986328,
    0.49587544798851013,
    0.5232359766960144,
    0.5230849981307983,
    0.5228086709976196,
    0.5127379298210144,
    0.5027559399604797,
    0.5274466276168823,
    0.5126628875732422,
    0.4998941421508789,
    0.5102105736732483,
    0.5113728046417236,
    0.5214328169822693,
    0.5085321068763733,
    0.508348822593689,
    0.5064190626144409,
    0.5124909281730652,
    0.5135701298713684,
    0.5128629803657532,
    0.5094208121299744,
    0.5122782588005066,
    0.5089329481124878,
    0.5032727718353271,
    0.5040870904922485,
    0.5126138925552368,
    0.5049393177032471,
    0.5036815404891968,
    0.5065076351165771,
    0.5069844126701355,
    0.5048245191574097,
    0.5044949054718018,
    0.5053078532218933,
    0.5069679617881775,
    0.5075420141220093,
    0.5078462362289429
  ],
  "val_mae": [
    0.36167293787002563,
    0.34882503747940063,
    0.34624946117401123,
    0.34651920199394226,
    0.35346224904060364,
    0.34984904527664185,
    0.3493236005306244,
    0.35666435956954956,
    0.35111385583877563,
    0.35655882954597473,
    0.36162635684013367,
    0.36375856399536133,
    0.3497186303138733,
    0.3610534965991974,
    0.36679014563560486,
    0.36014261841773987,
    0.34102723002433777,
    0.3631416857242584,
    0.36367306113243103,
    0.3627515435218811,
    0.3519882261753082,
    0.34670698642730713,
    0.3779330551624298,
    0.35406869649887085,
    0.34563568234443665,
    0.3490639925003052,
    0.3562082350254059,
    0.3587181270122528,
    0.3541572690010071,
    0.35162362456321716,
    0.34880006313323975,
    0.35405561327934265,
    0.3548296093940735,
    0.35441744327545166,
    0.35319650173187256,
    0.351020872592926,
    0.35317543148994446,
    0.34484240412712097,
    0.34901565313339233,
    0.3535445034503937,
    0.3469589054584503,
    0.3466881215572357,
    0.3509983718395233,
    0.35056716203689575,
    0.34989070892333984,
    0.34907037019729614,
    0.34948718547821045,
    0.3506316840648651,
    0.35102251172065735,
    0.3513815402984619
  ],
  "soc_loss": [
    0.007444500031347849,
    0.0053006508398879115,
    0.004882752391055554,
    0.004870391691655769,
    0.0046627440915726105,
    0.004529667530928075,
    0.004429840946932165,
    0.0045349689732704845,
    0.004551232549728011,
    0.004487052638629885,
    0.004315769625352506,
    0.0041223245788671705,
    0.004314098873417765,
    0.004463463301870924,
    0.003991263119676916,
    0.005919743095580628,
    0.005129170330330353,
    0.005101467415097216,
    0.005121283850129434,
    0.005087096984478196,
    0.005177955744486947,
    0.0051079611920438524,
    0.005177835704284599,
    0.005204461136193612,
    0.005351999832470286,
    0.005268982003573488,
    0.005377040651529851,
    0.005463588236311948,
    0.005473167389290153,
    0.005622043232578548,
    0.005590546812044875,
    0.005687818816982042,
    0.005676870111768183,
    0.0058069961862268465,
    0.005825049929104737,
    0.00590664455724658,
    0.005937416345545288,
    0.006034685464482855,
    0.00615878293298737,
    0.0061984150933059754,
    0.0063304895356049405,
    0.006367441087463024,
    0.006468061292714066,
    0.006574660454597624,
    0.006674525006869297,
    0.006726532354230656,
    0.00662415763253204,
    0.006604806920183396,
    0.006686932453085397,
    0.006611678531622488
  ],
  "fault_loss": [
    0.012183438972718647,
    3.915356984218206e-05,
    1.3325032465715343e-05,
    1.1376626229852063e-05,
    4.164361414431223e-06,
    4.63600771386682e-06,
    2.3619399904064477e-06,
    2.1479813694769326e-06,
    1.1272001819778476e-06,
    1.0597745717685185e-06,
    9.831728195260752e-07,
    5.252035722980533e-07,
    4.115288331533813e-07,
    5.778097871976092e-07,
    9.701410811867202e-08,
    0.1724431732218422,
    0.16239694618168823,
    0.18140989432269436,
    0.20011474857476058,
    0.2245277969144629,
    0.240965693124703,
    0.2607458677987151,
    0.2752683401812032,
    0.29255285604619824,
    0.30268426198676374,
    0.3143463637859878,
    0.3283225482951942,
    0.3442771902305867,
    0.36310270485477214,
    0.3765359057711735,
    0.3992072821431718,
    0.41297399709611393,
    0.4239380048021722,
    0.4463771604377652,
    0.46055516040414796,
    0.4825173434106159,
    0.4919046544170789,
    0.5129923979270599,
    0.5233204755792045,
    0.5438973141151904,
    0.5617151341684139,
    0.5769468833053151,
    0.5996991215727895,
    0.6143176400699882,
    0.6266924372357021,
    0.6458269881382664,
    0.6412941720956891,
    0.6424614177610641,
    0.6433715695469259,
    0.6443872755567446
  ],
  "fault_rate": [
    0.0,
    0.0,
    0.0,
    0.0,
    0.0,
    0.0,
    0.0,
    0.0,
    0.0,
    0.0,
    0.0,
    0.0,
    0.0,
    0.0,
    0.0,
    0.1,
    0.11666666666666667,
    0.13333333333333333,
    0.15000000000000002,
    0.16666666666666669,
    0.18333333333333335,
    0.2,
    0.21666666666666667,
    0.23333333333333334,
    0.25,
    0.26666666666666666,
    0.2833333333333333,
    0.30000000000000004,
    0.31666666666666665,
    0.33333333333333337,
    0.35,
    0.3666666666666667,
    0.3833333333333333,
    0.4,
    0.41666666666666663,
    0.43333333333333335,
    0.44999999999999996,
    0.4666666666666667,
    0.4833333333333334,
    0.5,
    0.5166666666666667,
    0.5333333333333333,
    0.55,
    0.5666666666666667,
    0.5833333333333334,
    0.6,
    0.6,
    0.6,
    0.6,
    0.6
  ]
}