{
  "train_loss": [
    0.002769411917015875,
    0.0014134079786259153,
    0.0011112813170085537,
    0.0008366344875232141,
    0.0007725196205769262,
    0.00088304005882303,
    0.0009433520507816453,
    0.0008010347787826761,
    0.0006394878562478313,
    0.0006624152559901253,
    0.0006609956863476842,
    0.0006288246511106098,
    0.0006089433974680878,
    0.0006270001475745373,
    0.0006125068556976435,
    0.0006373649643720918,
    0.0006454692396251836,
    0.000650479002330751,
    0.0006373195607217363,
    0.0006694785586419902,
    0.0007732074827182037,
    0.0006486051194238002,
    0.000659712126675141,
    0.0006406663941990426,
    0.0006658693896068418,
    0.0006909128933604631,
    0.000758701269921214,
    0.001005360997778381,
    0.0007821483292094133,
    0.0006673149944926648,
    0.0006407732322739596,
    0.0005969686808727927,
    0.000601537332689952,
    0.0008481194674013235,
    0.0007926566362653349,
    0.0008230879261457133,
    0.0007951177752198968,
    0.0006811544267276196,
    0.0006525603845937371,
    0.0006292709726829275,
    0.0006155502486025106,
    0.0006039839460051022,
    0.0005906557502007587,
    0.000599929396082858,
    0.000584410967081258,
    0.0005803267385004492,
    0.0005757219918381932,
    0.0005840203342058713,
    0.0005775957085787459,
    0.0005586726716741533
  ],
  "val_rmse": [
    0.0696149542927742,
    0.07723969221115112,
    0.061782121658325195,
    0.06067866086959839,
    0.05854222550988197,
    0.06513963639736176,
    0.051408927887678146,
    0.0626482143998146,
    0.07373256981372833,
    0.07468830794095993,
    0.0676049217581749,
    0.061197131872177124,
    0.07066469639539719,
    0.06581210345029831,
    0.06822874397039413,
    0.06685815751552582,
    0.06400972604751587,
    0.07915125787258148,
    0.06902045011520386,
    0.06762190908193588,
    0.07673075795173645,
    0.07151211053133011,
    0.07313241809606552,
    0.08120369911193848,
    0.07703251391649246,
    0.08008135855197906,
    0.07860638201236725,
    0.0864415168762207,
    0.0854903906583786,
    0.08321221172809601,
    0.09290957450866699,
    0.08510123938322067,
    0.08838807046413422,
    0.0950775295495987,
    0.07909265160560608,
    0.07919927686452866,
    0.08010263741016388,
    0.08931346237659454,
    0.0891948938369751,
    0.09186730533838272,
    0.09246779978275299,
    0.09649541974067688,
    0.10317463427782059,
    0.10163439065217972,
    0.10104075819253922,
    0.10166701674461365,
    0.10312551259994507,
    0.10272085666656494,
    0.10312918573617935,
    0.10307689756155014
  ],
  "val_mae": [
    0.04910321906208992,
    0.06762330234050751,
    0.04409469664096832,
    0.04656500369310379,
    0.043042734265327454,
    0.050240855664014816,
    0.03381100296974182,
    0.05098268389701843,
    0.060902003198862076,
    0.059869974851608276,
    0.051086049526929855,
    0.044344834983348846,
    0.04736568406224251,
    0.04654241353273392,
    0.0464458093047142,
    0.04461977630853653,
    0.04089858755469322,
    0.06062912195920944,
    0.04705355688929558,
    0.04614584892988205,
    0.05612277612090111,
    0.050675515085458755,
    0.05103301256895065,
    0.059346843510866165,
    0.05672178789973259,
    0.05969072878360748,
    0.06039471551775932,
    0.06538743525743484,
    0.06597530096769333,
    0.0631076768040657,
    0.07331083714962006,
    0.0648977980017662,
    0.06791701912879944,
    0.0776556208729744,
    0.06005723774433136,
    0.059646446257829666,
    0.05932442843914032,
    0.06779810786247253,
    0.06948401778936386,
    0.07253912836313248,
    0.07265821844339371,
    0.07762821018695831,
    0.08382732421159744,
    0.08299819380044937,
    0.08033116906881332,
    0.08176935464143753,
    0.08309587836265564,
    0.08290545642375946,
    0.0835331380367279,
    0.08348589390516281
  ],
  "soc_loss": [
    0.002769411917015875,
    0.0014134079786259153,
    0.0011112813170085537,
    0.0008366344875232141,
    0.0007725196205769262,
    0.00088304005882303,
    0.0009433520507816453,
    0.0008010347787826761,
    0.0006394878562478313,
    0.0006624152559901253,
    0.0006609956863476842,
    0.0006288246511106098,
    0.0006089433974680878,
    0.0006270001475745373,
    0.0006125068556976435,
    0.0006373649643720918,
    0.0006454692396251836,
    0.000650479002330751,
    0.0006373195607217363,
    0.0006694785586419902,
    0.0007732074827182037,
    0.0006486051194238002,
    0.000659712126675141,
    0.0006406663941990426,
    0.0006658693896068418,
    0.0006909128933604631,
    0.000758701269921214,
    0.001005360997778381,
    0.0007821483292094133,
    0.0006673149944926648,
    0.0006407732322739596,
    0.0005969686808727927,
    0.000601537332689952,
    0.0008481194674013235,
    0.0007926566362653349,
    0.0008230879261457133,
    0.0007951177752198968,
    0.0006811544267276196,
    0.0006525603845937371,
    0.0006292709726829275,
    0.0006155502486025106,
    0.0006039839460051022,
    0.0005906557502007587,
    0.000599929396082858,
    0.000584410967081258,
    0.0005803267385004492,
    0.0005757219918381932,
    0.0005840203342058713,
    0.0005775957085787459,
    0.0005586726716741533
  ],
  "fault_loss": [
    0.0,
    0.0,
    0.0,
    0.0,
    0.0,
    0.0,
    0.0,
    0.0,
    0.0,
    0.0,
    0.0,
    0.0,
    0.0,
    0.0,
    0.0,
    0.0,
    0.0,
    0.0,
    0.0,
    0.0,
    0.0,
    0.0,
    0.0,
    0.0,
    0.0,
    0.0,
    0.0,
    0.0,
    0.0,
    0.0,
    0.0,
    0.0,
    0.0,
    0.0,
    0.0,
    0.0,
    0.0,
    0.0,
    0.0,
    0.0,
    0.0,
    0.0,
    0.0,
    0.0,
    0.0,
    0.0,
    0.0,
    0.0,
    0.0,
    0.0
  ],
  "fault_rate": [
    0.0,
    0.0,
    0.0,
    0.0,
    0.0,
    0.0,
    0.0,
    0.0,
    0.0,
    0.0,
    0.0,
    0.0,
    0.0,
    0.0,
    0.0,
    0.1,
    0.11666666666666667,
    0.13333333333333333,
    0.15000000000000002,
    0.16666666666666669,
    0.18333333333333335,
    0.2,
    0.21666666666666667,
    0.23333333333333334,
    0.25,
    0.26666666666666666,
    0.2833333333333333,
    0.30000000000000004,
    0.31666666666666665,
    0.33333333333333337,
    0.35,
    0.3666666666666667,
    0.3833333333333333,
    0.4,
    0.41666666666666663,
    0.43333333333333335,
    0.44999999999999996,
    0.4666666666666667,
    0.4833333333333334,
    0.5,
    0.5166666666666667,
    0.5333333333333333,
    0.55,
    0.5666666666666667,
    0.5833333333333334,
    0.6,
    0.6,
    0.6,
    0.6,
    0.6
  ]
}