{
  "train_loss": [
    0.0084265141609594,
    0.0014837890967579657,
    0.0011744798722158752,
    0.001013223784039133,
    0.0009855949044178583,
    0.0009236647066908812,
    0.0009212414147612408,
    0.0009159679225684473,
    0.0008760773772863965,
    0.0008835291251000997,
    0.0008047119332687523,
    0.0007809376732719348,
    0.0007648395487769065,
    0.0007524412892114624,
    0.0007022526990482234,
    0.015213673006519116,
    0.010371900422680647,
    0.011376469798694203,
    0.012662348254317684,
    0.013838109066639851,
    0.01473000167021738,
    0.016076579675974704,
    0.017099043406910243,
    0.01865850491239164,
    0.019355202618902338,
    0.020294210355364738,
    0.021792499481567314,
    0.02256319031847599,
    0.0241738524764104,
    0.02450504957145094,
    0.026101849882170222,
    0.026811922872369002,
    0.027678926692421276,
    0.029477704736523162,
    0.029963881855732517,
    0.030576017174057495,
    0.03153621178484501,
    0.033394857442804744,
    0.03284287535326373,
    0.03453886917883292,
    0.0352266226524025,
    0.03677085785657391,
    0.037875081559545117,
    0.03812611787895063,
    0.03999096282610768,
    0.040396059716218395,
    0.04161398521715537,
    0.04089984273944134,
    0.04134116954821393,
    0.04174796180953657
  ],
  "val_rmse": [
    0.09198808670043945,
    0.06128067895770073,
    0.0712839737534523,
    0.0644562840461731,
    0.050187550485134125,
    0.06435844302177429,
    0.05592585355043411,
    0.05989987775683403,
    0.0906389057636261,
    0.07176411151885986,
    0.07673805207014084,
    0.05961122736334801,
    0.05893835797905922,
    0.08252114057540894,
    0.08146905899047852,
    0.06991566717624664,
    0.06969117373228073,
    0.06600872427225113,
    0.07124315947294235,
    0.0608394593000412,
    0.0740036591887474,
    0.06799392402172089,
    0.07077809423208237,
    0.06689109653234482,
    0.057434093207120895,
    0.0523761622607708,
    0.06402123719453812,
    0.05471168830990791,
    0.056772954761981964,
    0.05653682351112366,
    0.060230206698179245,
    0.05529889464378357,
    0.061125513166189194,
    0.055229999125003815,
    0.06315932422876358,
    0.05961541086435318,
    0.06359269469976425,
    0.053244054317474365,
    0.06030641123652458,
    0.05489343777298927,
    0.05331820249557495,
    0.052904754877090454,
    0.05023755878210068,
    0.05662098526954651,
    0.05507547780871391,
    0.05395472049713135,
    0.05312180891633034,
    0.05446866527199745,
    0.05372576415538788,
    0.053892847150564194
  ],
  "val_mae": [
    0.06456761062145233,
    0.04061780497431755,
    0.047745201736688614,
    0.03894258290529251,
    0.030168555676937103,
    0.043119776993989944,
    0.0352766215801239,
    0.03965982794761658,
    0.06360036134719849,
    0.04730779677629471,
    0.053087443113327026,
    0.04016094654798508,
    0.043072447180747986,
    0.05718226358294487,
    0.057992853224277496,
    0.05040917918086052,
    0.04787726327776909,
    0.047238558530807495,
    0.05193990468978882,
    0.04225925728678703,
    0.05055597424507141,
    0.04877003654837608,
    0.052109815180301666,
    0.04412863776087761,
    0.03898673504590988,
    0.03603152930736542,
    0.040191903710365295,
    0.03898267820477486,
    0.04409109428524971,
    0.03679182752966881,
    0.040496326982975006,
    0.0372098907828331,
    0.04174911603331566,
    0.037653420120477676,
    0.04310821741819382,
    0.040249213576316833,
    0.04262402281165123,
    0.03568875044584274,
    0.038487184792757034,
    0.03869548439979553,
    0.03660494089126587,
    0.034770429134368896,
    0.033772192895412445,
    0.04020169377326965,
    0.03756082057952881,
    0.037466537207365036,
    0.03730722516775131,
    0.03822121396660805,
    0.03723274543881416,
    0.03731520473957062
  ],
  "soc_loss": [
    0.0034981118042470144,
    0.0014451184376542056,
    0.0011588181688492291,
    0.0010053346095925295,
    0.000980321534548683,
    0.0009193051032217822,
    0.0009184807376617467,
    0.0009132608549434803,
    0.0008739552870252751,
    0.0008815040243386914,
    0.0008027217253741521,
    0.0007792297624667784,
    0.0007638975295598822,
    0.0007512074364769392,
    0.0007013357763049102,
    0.0024373636150354506,
    0.002166299441307643,
    0.002185613007102638,
    0.002224553618019909,
    0.002264913509396794,
    0.0023817848221615967,
    0.002514835439632906,
    0.002610536154772722,
    0.0027341470402434355,
    0.002807359510500516,
    0.002858382914936576,
    0.0029969278572449334,
    0.0030430280909824526,
    0.0033615655423303074,
    0.003328894495200786,
    0.003465565188465766,
    0.0036218810154307157,
    0.003633558021025046,
    0.003919099409420295,
    0.0038511010203720595,
    0.003937441333988332,
    0.0040417328788513755,
    0.004430888980430992,
    0.004305542838808738,
    0.004444999629071444,
    0.004498374339410181,
    0.004817349406456421,
    0.004802487463221178,
    0.004981541365413065,
    0.005002756482270315,
    0.005040094088342853,
    0.005231980446207905,
    0.005197808839716858,
    0.0053980696991898286,
    0.00529086366435863
  ],
  "fault_loss": [
    0.09856804441993258,
    0.0007734132433464204,
    0.0003132340084687856,
    0.00015778348389907943,
    0.00010546741456132998,
    8.719206139483818e-05,
    5.5213574211977955e-05,
    5.4141314957037924e-05,
    4.2441783011610854e-05,
    4.050202090396017e-05,
    3.980409515054618e-05,
    3.415815889385889e-05,
    1.8840285164535597e-05,
    2.467706496501801e-05,
    1.8338431127084275e-05,
    0.25552618370524477,
    0.16411201633456954,
    0.18381713161287003,
    0.2087558894733289,
    0.23146390805679157,
    0.24696433342489085,
    0.2712348798724045,
    0.28977013945131375,
    0.31848715301743125,
    0.33095685723132656,
    0.3487165433571751,
    0.375911427059568,
    0.390403237557949,
    0.4162457306358151,
    0.4235230934126933,
    0.4527256865250437,
    0.46380082837172915,
    0.48090736467139167,
    0.5111721005654872,
    0.5222556089100084,
    0.5327715098409724,
    0.5498895696679452,
    0.5792793555367262,
    0.5707466387210932,
    0.6018773810307783,
    0.6145649594920022,
    0.6390701548049325,
    0.66145187078562,
    0.6628915165600023,
    0.6997641114363993,
    0.7071192990568348,
    0.7276400836338675,
    0.7140406656982308,
    0.7188619798735568,
    0.7291419479183685
  ],
  "fault_rate": [
    0.0,
    0.0,
    0.0,
    0.0,
    0.0,
    0.0,
    0.0,
    0.0,
    0.0,
    0.0,
    0.0,
    0.0,
    0.0,
    0.0,
    0.0,
    0.1,
    0.11666666666666667,
    0.13333333333333333,
    0.15000000000000002,
    0.16666666666666669,
    0.18333333333333335,
    0.2,
    0.21666666666666667,
    0.23333333333333334,
    0.25,
    0.26666666666666666,
    0.2833333333333333,
    0.30000000000000004,
    0.31666666666666665,
    0.33333333333333337,
    0.35,
    0.3666666666666667,
    0.3833333333333333,
    0.4,
    0.41666666666666663,
    0.43333333333333335,
    0.44999999999999996,
    0.4666666666666667,
    0.4833333333333334,
    0.5,
    0.5166666666666667,
    0.5333333333333333,
    0.55,
    0.5666666666666667,
    0.5833333333333334,
    0.6,
    0.6,
    0.6,
    0.6,
    0.6
  ]
}